<?xml version="1.0" encoding="UTF-8"?>

<mule xmlns:secure-property-placeholder="http://www.mulesoft.org/schema/mule/secure-property-placeholder" xmlns:context="http://www.springframework.org/schema/context"
xmlns:tls="http://www.mulesoft.org/schema/mule/tls"
xmlns:dw="http://www.mulesoft.org/schema/mule/ee/dw" 
xmlns:metadata="http://www.mulesoft.org/schema/mule/metadata" 
xmlns:json="http://www.mulesoft.org/schema/mule/json" 
xmlns:tracking="http://www.mulesoft.org/schema/mule/ee/tracking" 
xmlns="http://www.mulesoft.org/schema/mule/core" 
xmlns:apikit="http://www.mulesoft.org/schema/mule/apikit" 
xmlns:doc="http://www.mulesoft.org/schema/mule/documentation" 
xmlns:http="http://www.mulesoft.org/schema/mule/http" 
xmlns:sfdc="http://www.mulesoft.org/schema/mule/sfdc" 
xmlns:spring="http://www.springframework.org/schema/beans" 
xmlns:xsi="http://www.w3.org/2001/XMLSchema-instance" 
xmlns:ss="http://www.springframework.org/schema/security" 
xmlns:mule-ss="http://www.mulesoft.org/schema/mule/spring-security"

 xsi:schemaLocation="http://www.mulesoft.org/schema/mule/core http://www.mulesoft.org/schema/mule/core/current/mule.xsd
http://www.mulesoft.org/schema/mule/http http://www.mulesoft.org/schema/mule/http/current/mule-http.xsd
http://www.mulesoft.org/schema/mule/apikit http://www.mulesoft.org/schema/mule/apikit/current/mule-apikit.xsd
http://www.springframework.org/schema/beans http://www.springframework.org/schema/beans/spring-beans-3.1.xsd
http://www.mulesoft.org/schema/mule/sfdc http://www.mulesoft.org/schema/mule/sfdc/current/mule-sfdc.xsd
http://www.mulesoft.org/schema/mule/json http://www.mulesoft.org/schema/mule/json/current/mule-json.xsd
http://www.mulesoft.org/schema/mule/ee/tracking http://www.mulesoft.org/schema/mule/ee/tracking/current/mule-tracking-ee.xsd
http://www.mulesoft.org/schema/mule/ee/dw http://www.mulesoft.org/schema/mule/ee/dw/current/dw.xsd
http://www.mulesoft.org/schema/mule/file http://www.mulesoft.org/schema/mule/file/current/mule-file.xsd
http://www.mulesoft.org/schema/mule/tls http://www.mulesoft.org/schema/mule/tls/current/mule-tls.xsd
http://www.springframework.org/schema/beans http://www.springframework.org/schema/beans/spring-beans-current.xsd
http://www.mulesoft.org/schema/mule/spring-security http://www.mulesoft.org/schema/mule/spring-security/3.1/mule-spring-security.xsd
http://www.springframework.org/schema/security http://www.springframework.org/schema/security/spring-security-3.0.xsd
http://www.springframework.org/schema/context http://www.springframework.org/schema/context/spring-context-current.xsd
http://www.mulesoft.org/schema/mule/secure-property-placeholder http://www.mulesoft.org/schema/mule/secure-property-placeholder/current/mule-secure-property-placeholder.xsd">


<spring:beans>
   <ss:authentication-manager alias="authenticationManager">
     <ss:authentication-provider>
       <ss:user-service id="userService">
          <ss:user name="admin" password="admin" authorities="ROLE_ADMIN" />
          <ss:user name="aaronW" password="password" authorities="ROLE_DEV" />
        </ss:user-service>
    </ss:authentication-provider>
  </ss:authentication-manager>
</spring:beans>
<mule-ss:security-manager name="muleSecurityManager" doc:name="Spring Security Provider">
  <mule-ss:delegate-security-provider name="memory-provider" delegate-ref="authenticationManager" />
</mule-ss:security-manager>
    

<http:listener-config name="salesforce-connect-sc-httpListenerConfig" host="${http.host}" port="${http.port}" doc:name="HTTP Listener Configuration" protocol="HTTPS">
        <tls:context>
            <tls:key-store type="jks" path="keystore.jks" alias="mule" keyPassword="password" password="password"/>
        </tls:context>
    </http:listener-config>
    <apikit:config name="salesforce-connect-sc-config" raml="salesforce-connect-sc.raml" consoleEnabled="false" doc:name="Router" />
    <sfdc:config name="Salesforce__Basic_Authentication" username="${salesforce.username}" password="BitsInGlass2018" securityToken="${salesforce.securityToken}" doc:name="Salesforce: Basic Authentication" url="${salesforce.authorizationURL}"/>
    <http:listener-config name="HTTP_Listener_Configuration" host="0.0.0.0" port="8082" doc:name="HTTP Listener Configuration"/>
    <secure-property-placeholder:config name="Secure_Property_Placeholder" key="${securityKey}" location="demo-${mule.env}.properties" doc:name="Secure Property Placeholder"/>

</mule>

